tal_noble_hilt_bash	Hilt Bash	tree_noble_legacy	1	1	1	active	melee	false	50	0	physical	30	0.3	40	90		0	15	3	0	0	damage	0	0	0		A quick blunt strike with the weapon handle. Low damage but inflicts Stagger.	Deals 50% weapon damage. Staggers the target.	tal_noble_hilt_bash	melee	0	0	0	0	0	status_stagger	0	0	0	0.1	0	false	true	melee_single	true	0		0					0	0
tal_noble_iron_posture	Iron Posture	tree_noble_legacy	1	2	3	passive		false	0	0	physical	0	0	0	0		0	0	0	0	0		0	0	0		While Stamina is above 50%, gain +7 Armor per point invested.	+7 Armor (Stamina >50%)|+14 Armor (Stamina >50%)|+21 Armor (Stamina >50%)	tal_noble_iron_posture		0	0	0	0	0		0	0	0	0	0	false	true		false	0		0	always	stamina_above_50	buff:armor:7:0	0	0
tal_noble_reach	Noble's Reach	tree_noble_legacy	1	3	3	passive		false	0	0	physical	0	0	0	0		0	0	0	0	0		0	0	0	hit_range:5	Increases melee weapon range by 5% per point.	+5% melee range|+10% melee range|+15% melee range	tal_noble_reach		0	0	0	0	0		0	0	0	0	0	false	true		false	0		0					0	0
tal_noble_closing_gap	Closing the Gap	tree_noble_legacy	1	4	3	passive		false	0	0	physical	0	0	0	0		0	0	0	0	0		0	0	0		Moving toward an enemy increases next strike damage by 7% per point.	+7% next hit damage|+14% next hit damage|+21% next hit damage	tal_noble_closing_gap		0	0	0	0	0		0	0	0	0	0	false	true		false	0		0	on_hit	moved_toward_target	damage_bonus_next:7:2	0	0
tal_noble_first_blood	First Blood	tree_noble_legacy	1	5	3	passive		false	0	0	physical	0	0	0	0		0	0	0	0	0		0	0	0		First attack against a full HP enemy deals +17% damage per point.	+17% vs full HP|+34% vs full HP|+51% vs full HP	tal_noble_first_blood		0	0	0	0	0		0	0	0	0	0	false	true		false	0		0	on_hit	target_full_hp	damage_bonus_next:17:0	0	0
tal_noble_cold_parry	Cold Parry	tree_noble_legacy	2	1	1	active	melee	false	200	0	physical	0	0	45	180		0	20	4	0	0	damage	0	0	0.5		Defensive stance for 0.5s. If hit from the front, negate damage and counter for 200%.	Negate attack and counter for 200% weapon damage.	tal_noble_cold_parry	melee	0	0	0	0	0		0	0	0	0	0	false	true	parry_stance	true	0		0					0	0
tal_noble_deflective_spin	Deflective Spin	tree_noble_legacy	2	2	1	passive		false	0	0	physical	0	0	0	0	tal_noble_cold_parry	0	0	0	0	0		0	0	0		Upgrades Cold Parry: window +0.2s. Can parry and reflect ranged projectiles.	Parry window +0.2s. Reflects projectiles at 150% damage.	tal_noble_deflective_spin		0	0	0	0	0		0	0	0	0	0	false	true		false	0		0					0	0
tal_noble_warlord_kick	Warlord's Kick	tree_noble_legacy	2	3	1	active	melee	false	30	0	physical	60	0.4	35	60		0	25	6	0	0	damage	0	0	0		A brutal front kick. Deals massive Stagger and knockback.	30% weapon damage. High Stagger. Knocks enemies back.	tal_noble_warlord_kick	melee	0	0	0	0	0	status_stagger	0	0	0	0.1	0	false	true	melee_single	true	0		0					0	0
tal_noble_cold_stare	Cold Stare	tree_noble_legacy	2	4	3	passive		false	0	0	physical	0	0	0	0		0	0	0	0	0		0	0	0		Dodging marks the nearest enemy for 4s. +1s duration per point.	Mark on dodge (4s)|Mark on dodge (5s)|Mark on dodge (6s)	tal_noble_cold_stare		0	0	0	0	0		0	0	0	0	0	false	true		false	0		0	on_dodge		apply_status:status_marked	0	0
tal_noble_breath_control	Breath Control	tree_noble_legacy	2	5	3	passive		false	0	0	physical	0	0	0	0		0	0	0	0	0		0	0	0	stamina_regen:5	Stamina regeneration +5 per point. Recover faster between actions.	+5 Stamina Regen|+10 Stamina Regen|+15 Stamina Regen	tal_noble_breath_control		0	0	0	0	0		0	0	0	0	0	false	true		false	0		0					0	0
tal_noble_sundering_thrust	Sundering Thrust	tree_noble_legacy	3	1	1	active	melee	false	150	0	physical	100	0	60	45		0	20	8	0	0	damage	0	0	0		A lunging stab dealing 150% damage. 300% if target is Staggered or Marked.	150% weapon damage. 300% vs Staggered/Marked targets.	tal_noble_sundering_thrust	melee	0	0	0	0	0		0	0	0	0.15	0	false	true	melee_single	true	0		0					0	0
tal_noble_flurry_of_steel	Flurry of Steel	tree_noble_legacy	3	2	1	active	melee	false	80	0	physical	40	0	50	60		0	30	12	0	0	damage	0	0	0		3 rapid strikes in a forward cone. Applies Bleed. All 3 hits mark the target.	3x 80% weapon damage. Applies Bleed.	tal_noble_flurry_of_steel	melee	0	0	0	0	0	status_bleed	0	0	0	0.08	0	false	true	melee_combo_3	true	0		3					0	0
tal_noble_fathers_charge	Father's Charge	tree_noble_legacy	3	3	1	active	melee	false	100	0	physical	150	0	50	360		0	25	10	0	0	damage	0	0	0		Dash forward with weapon drawn, piercing through enemies in a line.	100% weapon damage to all enemies in path.	tal_noble_fathers_charge	melee	0	0	0	0	0		0	0	0	0.3	0	false	true	dash_attack	true	0		0					0	0
tal_noble_phalanx_stance	Phalanx Stance	tree_noble_legacy	3	5	1	active	melee	false	0	0	physical	0	0	0	0		0	0	0	0	0	self_buff	0	0	0		Toggle. Drain Stamina to block 75% incoming damage. Cannot sprint or dodge.	Block 75% frontal/side damage while active.	tal_noble_phalanx_stance	melee	0	0	0	0	0		0	0	0	0	0	false	true	self_buff	true	0		0					0	0
tal_noble_sweeping_guard	Sweeping Guard	tree_noble_legacy	4	1	1	active	melee	false	80	0	physical	0	0.4	55	180		0	20	5	0	0	damage	0	0	0		Wide 180-degree arc. 80% damage. Slows enemies by 40% for 2s.	80% weapon damage in wide arc. Applies Slow.	tal_noble_sweeping_guard	melee	0	0	0	0	0	status_slow	0	0	0	0	0	false	true	melee_single	true	0		0					0	0
tal_noble_adrenaline_surge	Adrenaline Surge	tree_noble_legacy	4	2	3	passive		false	0	0	physical	0	0	0	0		0	0	0	0	0		0	0	0		On kill: restore 10 Stamina and gain 5% Attack Speed for 3s. Scales per point.	+10 Stam, +5% AS on kill|+20 Stam, +10% AS on kill|+30 Stam, +15% AS on kill	tal_noble_adrenaline_surge		0	0	0	0	0		0	0	0	0	0	false	true		false	0		0	on_kill		restore_stamina:10;buff:attack_speed:5:3	0	0
tal_noble_disarming_presence	Disarming Presence	tree_noble_legacy	4	3	3	passive		false	0	0	physical	0	0	0	0		0	0	0	0	0		0	0	0	dodge_chance:2	Enemies near you feel your killing intent. +2% Dodge Chance per point.	+2% Dodge Chance|+4% Dodge Chance|+6% Dodge Chance	tal_noble_disarming_presence		0	0	0	0	0		0	0	0	0	0	false	true		false	0		0					0	0
tal_noble_blood_on_snow	Blood on the Snow	tree_noble_legacy	4	4	1	passive		false	0	0	physical	0	0	0	0		0	0	0	0	0		0	0	0		Killing a Marked enemy staggers all nearby enemies.	Kill Marked target to stagger nearby foes.	tal_noble_blood_on_snow		0	0	0	0	0		0	0	0	0	0	false	true		false	0		0	on_kill	target_marked	apply_status_aoe:status_stagger:100	0	0
tal_noble_perfect_spacing	Perfect Spacing	tree_noble_legacy	4	5	3	passive		false	0	0	physical	0	0	0	0		0	0	0	0	0		0	0	0		Hitting at max weapon range deals +7% bonus damage per point.	+7% at max range|+14% at max range|+21% at max range	tal_noble_perfect_spacing		0	0	0	0	0		0	0	0	0	0	false	true		false	0		0	on_hit	max_range_hit	damage_bonus_next:7:0	0	0
tal_noble_exposed_throat	Exposed Throat	tree_noble_legacy	5	1	3	passive		false	0	0	physical	0	0	0	0		0	0	0	0	0		0	0	0		+7% Critical Hit Chance per point vs Marked or low HP enemies.	+7% Crit vs Marked/<30% HP|+14% Crit|+21% Crit	tal_noble_exposed_throat		0	0	0	0	0		0	0	0	0	0	false	true		false	0		0	always	target_marked,target_hp_below_30	conditional_crit:7	0	0
tal_noble_blood_for_blood	Blood for Blood	tree_noble_legacy	5	2	3	passive		false	0	0	physical	0	0	0	0		0	0	0	0	0		0	0	0		When hit, next attack deals +10% damage and heals 2% missing HP per point.	+10% next attack, 2% heal|+20%, 4% heal|+30%, 6% heal	tal_noble_blood_for_blood		0	0	0	0	0		0	0	0	0	0	false	true		false	0		0	on_take_damage		damage_bonus_next:10:2;restore_health_pct_missing:2	0	0
tal_noble_duelist_footwork	Duelist's Footwork	tree_noble_legacy	5	3	3	passive		false	0	0	physical	0	0	0	0		0	0	0	0	0		0	0	0		On crit or kill, gain +7% Movement Speed per point for 2s.	+7% speed on crit/kill|+14% speed|+21% speed	tal_noble_duelist_footwork		0	0	0	0	0		0	0	0	0	0	false	true		false	0		0	on_kill,on_crit		buff:movement_speed:7:2	0	0
tal_noble_relentless	Relentless	tree_noble_legacy	5	4	5	passive		false	0	0	physical	0	0	0	0		0	0	0	0	0		0	0	0		+5% damage per consecutive hit on same target. Max stacks = points invested.	+5% per hit (1 stack max)|2 stacks|3 stacks|4 stacks|5 stacks	tal_noble_relentless		0	0	0	0	0		0	0	0	0	0	false	true		false	0		0	on_hit	same_target_consecutive	buff:damage:5:3	0	0
tal_noble_masters_riposte	Master's Riposte	tree_noble_legacy	5	5	1	passive		false	0	0	physical	0	0	0	0	tal_noble_cold_parry	0	0	0	0	0		0	0	0		Successful Cold Parry heals 10% of missing Health.	Heal 10% missing HP on parry.	tal_noble_masters_riposte		0	0	0	0	0		0	0	0	0	0	false	true		false	0		0	on_parry		restore_health_pct_missing:10	0	0
tal_noble_fathers_lesson	Father's Last Lesson	tree_noble_legacy	6	3	1	active	melee	false	0	0	physical	0	0	0	0		0	0	60	0	0	self_buff	0	0	6		Absolute focus for 6s. Guaranteed crits. Zero Stamina cost. Enemies slowed.	6s of absolute focus. All hits crit. No Stamina cost.	tal_noble_fathers_lesson	melee	0	0	0	0	0		0	0	0	0	0	false	true	self_buff	false	0		0					0	0
